title,company,location,source,job_url,description,found_at
Localisation Specialist (Translator) - Basque,Revolut,"zdalnie, PL",indeed,https://pl.indeed.com/viewjob,"**About Revolut**
People deserve more from their money. More visibility, more control, and more freedom. Since 2015, Revolut has been on a mission to deliver just that. Our powerhouse of products — including spending, saving, investing, exchanging, travelling, and more — help our 75\+ million customers get more from their money every day.


As we continue our lightning\-fast growth,‌ 2 things are essential to our success: our people and our culture. In recognition of our outstanding employee experience, we've been certified as a Great Place to Work™. So far, we have 13,000\+ people working around the world, from our offices and remotely, to help us achieve our mission. And we're looking for more brilliant people. People who love building great products, redefining success, and turning the complexity of a chaotic world into the simplicity of a beautiful solution.

**About the role**
The Communications team makes sure every message counts. They turn complex ideas into clear, compelling stories that resonate across the business and beyond. By shaping how Revolut speaks to the world, they connect teams, amplify our brand, and ensure the right message reaches the right audience at the right time.


We’re looking for a Localisation Specialist (Translator) to help us bring Revolut to Basque\-speaking customers. You’ll play a key role in ensuring our content isn't just translated, but truly localised and culturally relevant to the market.


Up to shape what's next in finance? Let's get in touch.

**What you'll be doing*** Copying HTML content
* Delivering high\-quality copy adapted in your target language (transcreation) for all types of content produced (app, website, emails, etc.)
* Ensuring daily volume expectations are met
* Adapting long\-term strategic brand, tone, and vision to local markets, cultural differences, and perceptions
* Suggesting long\-term strategic content projects
* Contributing to live translation updates, maintaining the brand's tone of voice and strategic messaging that aligns to wider company goals

**What you'll need*** Fluency in Basque (C2/native level)
* Fluency in English (C1\+ level)
* 2\+ years of experience as a copywriter
* A bachelor's degree in literature, journalism, marketing, or relevant field
* Outstanding writing skills
* Experience with proofreading
* Knowledge of the fintech industry
* Great time management skills
* The ability to multitask
* Solid interpersonal and communication skills
* To be a critical thinker with a problem\-solving personality

**Compensation range*** Poland: PLN8,200 \- PLN9,100 gross monthly\*
* Lithuania: €2,000 \- €2,200 gross monthly\*
* Other locations: Compensation will be discussed during the interview process
* Final compensation will be determined based on the candidate's qualifications, skills, and previous experience

*Building a global financial super app isn’t enough. Our Revoluters are a priority, and that’s why in 2021 we launched our inaugural D\&I Framework, designed to help us thrive and grow everyday. We're not just doing this because it's the right thing to do. We’re doing it because we know that seeking out diverse talent and creating an inclusive workplace is the way to create exceptional, innovative products and services for our customers. That’s why we encourage applications from people with diverse backgrounds and experiences to join this multicultural, hard\-working team.*

***Important notice for candidates:***

*Job scams are on the rise. Please keep these guidelines in mind when applying for any open roles.*

* ***Only apply through official Revolut channels.*** *We don’t use any third\-party services or platforms for our recruitment.*
* ***Always double\-check the emails you receive.*** *Make sure all communications are being done through official Revolut emails, with an @revolut.com domain.*

***We won't ask for payment or personal financial information during the hiring process.*** *If anyone does ask you for this, it’s a scam. Report it immediately.*

*By submitting this application, I confirm that all the information given by me in this application for employment and any additional documents attached hereto are true to the best of my knowledge and that I have not wilfully suppressed any material fact. I confirm I have disclosed if applicable any previous employment with Revolut. I accept that if any of the information given by me in this application is in any way false or incorrect, my application may be rejected, any offer of employment may be withdrawn or my employment with Revolut may be terminated summarily or I may be dismissed. By submitting this application, I agree that my personal data will be processed in accordance with Revolut's* *Candidate Privacy Notice*


Notice: This is a remote position based in Poland.",2026-08-19 14:05:33
